{
    "MeiliVariables":
	{
		"Music": { "varType": "SOUND", "audioChannel": "Soundtrack", "loop": true, "fileURI": "music.mp3", "comment": "" },
		"Footsteps": { "varType": "SOUND", "audioChannel": "Footsteps", "loop": true, "fileURI": "footsteps.mp3", "comment": "" },
		"Monster1": { "varType": "SOUND", "audioChannel": "Monster1", "loop": false, "fileURI": "monster.mp3", "comment": "" },
		"Laser": { "varType": "SOUND", "audioChannel": "Lasers", "loop": false, "fileURI": "laser.mp3", "comment": "" },
		"Sword": { "varType": "SOUND", "audioChannel": "Lasers", "loop": false, "fileURI": "sword.mp3", "comment": "" },
		"Goal": { "varType": "NUMBER", "startingValue":0, "minValue":1, "maxValue":1000, "comment":""},
		"Progress": { "varType": "NUMBER", "startingValue":0, "minValue":0, "maxValue":100, "comment":""},
		"Monsterrandom": { "varType": "NUMBER", "startingValue":0, "minValue":0, "maxValue":100, "comment":""},
		"Button1": { "varType": "STRING", "startingValue": "Start", "comment": "" },
		"StillDetecter": {"varType":"SHAKEACCUMULATOR", "startingValue":0, "maxValue": 100, "shakeLostPerSecond": 25, "comment":""},
		"StepKeeper": { "varType": "STEPACCUMULATOR", "startingValue": 0, "stepsLostPerSecond": 0, "comment": "" },

	"CalcProgress":
	{
	"varType":"MACRO",
	"actionArray":
	[
	{"actionType":"CHANGEBYVAR", "leftVar":"Progress", "changeOperator":"=", "rightVar":"StepKeeper"},
	{"actionType":"CHANGEBYVAR", "leftVar":"Progress", "changeOperator":"/", "rightVar":"Goal"}
	]
	}

	},
    
    "MeiliEvents":
	{
	
	"Startup":
        {
            "eventTrigger": { "triggerType": "ONAREAENTER" },
            "comment": "",
            "maxTriggerCount": 1,
            "secondsBeforeRetriggering": 0,
            "conditions": [],
            "actionsUponSuccess":
			[
				{"actionType":"PLAYAUDIO", "audioVariable":"Music"},
				{"actionType":"CHANGEBYVALUE", "leftVar":"Goal", "changeOperator":"=", "rightVal":800},	
                {"actionType": "ADDBUTTON", "stringVar": "Button1" }
			],
            "actionsUponFailure": []
        },


		"Start":
        {
            "eventTrigger": { "triggerType": "ONBUTTONCHOICE", "stringVar": "Button1" },
            "comment": "",
            "maxTriggerCount": -1,
            "secondsBeforeRetriggering": 0,
            "conditions": [],
            "actionsUponSuccess":
			[
			{"actionType":"CHANGEBYVALUE", "leftVar":"StepKeeper", "changeOperator":"=", "rightVal":0}
            ],
            "actionsUponFailure": []
        },


		"StillCheck":
			{
			"eventTrigger":{"triggerType":"ONINTERVAL"},
			"comment":"",
			"secondsBeforeRetriggering":0,
			"conditions":
			[
			{"conditionType":"COMPAREVALUE", "leftVar":"StillDetecter", "compareOperator":"<", "rightVal":25}
			],
			"actionsUponSuccess":
			[
			{"actionType":"PAUSEAUDIO", "audioVariable":"Footsteps"}
			],
			"actionsUponFailure":
			[
			{"actionType":"PLAYAUDIO", "audioVariable":"Footsteps"}
			]
			},


 		"Event0":
        {
            "eventTrigger": { "triggerType": "ONINTERVAL" },
            "comment": "",
            "secondsBeforeRetriggering": 2,
            "conditions":
			[
		    ],
            "actionsUponSuccess":
			[
			{"actionType":"DOMACRO", "macroVar":"CalcProgress"}
			],
            "actionsUponFailure": 
            [
            ]
        },
        
        
 		"EventLaser":
        {
            "eventTrigger": {"triggerType":"ONGESTURE", "acceptedGestures": ["TAP"]},
            "comment": "",
            "secondsBeforeRetriggering": 0,
            "conditions":
			[
		    ],
            "actionsUponSuccess":
			[
			{"actionType":"PLAYAUDIO", "audioVariable":"Laser"}
			],
            "actionsUponFailure": 
            [
            ]
        },
        
 		"EventSword":
        {
            "eventTrigger": {"triggerType":"ONGESTURE", "acceptedGestures": ["DOUBLETAP"]},
            "comment": "",
            "secondsBeforeRetriggering": 0,
            "conditions":
			[
		    ],
            "actionsUponSuccess":
			[
			{"actionType":"PLAYAUDIO", "audioVariable":"Sword"}
			],
            "actionsUponFailure": 
            [
            ]
        },
        
        "EventAlien":
        {
            "eventTrigger": {"triggerType": "ONINTERVAL"},
            "comment": "",
            "secondsBeforeRetriggering": 3,
            "conditions":
			[
			{"conditionType":"COMPAREVALUE", "leftVar":"Monsterrandom", "compareOperator":">", "rightVal":75}
		    ],
            "actionsUponSuccess":
			[
			{"actionType":"PLAYAUDIO", "audioVariable":"Monster1"},
			{"actionType":"CHANGEBYVALUE", "leftVar":"Monsterrandom", "changeOperator":"=", "rightVal":50, "randomDeviation":50}
			],
            "actionsUponFailure": 
            [
			{"actionType":"CHANGEBYVALUE", "leftVar":"Monsterrandom", "changeOperator":"=", "rightVal":50, "randomDeviation":50}
            ]
        }



    }
}
